"Cell","Cluster"
"AAAGCCTGGCTAAC-1","1"
"AAATTCGATGCACA-1","1"
"AACACGTGGTCTTT-1","4"
"AAGTGCACGTGCTA-1","8"
"ACACGAACGGAGTG-1","5"
"ACAGTTCTTAGCCA-1","9"
"ACATTCTGACTACG-1","2"
"ACCCTCGAGTGAGG-1","5"
"ACTGGCCTTTTCGT-1","10"
"ACTTGGGAACCAGT-1","1"
"AGAAAGTGTGAACC-1","10"
"AGATATTGACCACA-1","7"
"AGTAAGGATTTACC-1","6"
"AGTTAAACAAACAG-1","6"
"ATAACAACCTCTAT-1","1"
"ATGGACACAAGTGA-1","6"
"ATGGACACTCGTTT-1","5"
"ATGGGTACCTGGTA-1","10"
"ATGTAAACTTTCGT-1","7"
"ATTAACGATACGAC-1","1"
"ATTAGATGGGGAGT-1","1"
"ATTCCAACCCCAAA-1","2"
"CAAATTGACGTGAT-1","5"
"CACCGTACGCTGTA-1","5"
"CACTATACGCGATT-1","7"
"CACTTAACCAAAGA-1","3"
"CAGATGACATGTCG-1","8"
"CAGGAACTACCACA-1","1"
"CATCCCGATCTCAT-1","2"
"CATCCCGATCTGGA-1","1"
"CATCTCCTAGCGTT-1","7"
"CCAAGAACATGCCA-1","5"
"CCAGAAACGTTGAC-1","5"
"CCCTACGACCAACA-1","10"
"CGAAGACTTATTCC-1","5"
"CGGACCGATTTCGT-1","10"
"CGTTATACACGGAG-1","2"
"CTACGCACGAGGGT-1","7"
"CTAGGTGATACGAC-1","10"
"CTATCCCTCAGAGG-1","5"
"CTCAGCACGCTTCC-1","9"
"CTTAGACTTATTCC-1","9"
"GAAGAATGATTCGG-1","7"
"GAAGGTCTCCCTAC-1","6"
"GACCTCTGAGTGCT-1","5"
"GACGAACTAACCAC-1","2"
"GACGTCCTAAGGCG-1","4"
"GAGCATACGAGAGC-1","6"
"GAGCGCACAGAGGC-1","8"
"GAGGATCTGGAGGT-1","1"
"GAGGGTGACCTATT-1","7"
"GATTGGACATCAGC-1","1"
"GCAACCCTACGTAC-1","5"
"GCAATTCTGACGAG-1","5"
"GCACCACTCTGTGA-1","2"
"GCACGGACTTTGCT-1","6"
"GCAGCTCTGCAGTT-1","5"
"GCAGGGCTGGATTC-1","5"
"GCCGACGACCTTCG-1","10"
"GCCGGAACCTGACA-1","1"
"GCGCACGATGCTGA-1","1"
"GCTTAACTTCCAGA-1","1"
"GGAATCTGCGACTA-1","5"
"GGACGCACATCGTG-1","6"
"GGATTTCTTGGAGG-1","2"
"GGCGGACTCCATAG-1","8"
"GGTACTGAACCCAA-1","5"
"GGTATCGACTCGAA-1","1"
"GTAAGCACCGTAGT-1","6"
"GTCCCATGTTCGTT-1","3"
"GTGACCCTTAGAAG-1","2"
"GTGGTAACACGACT-1","1"
"GTTCATACGAACTC-1","10"
"TAAACAACTACTTC-1","4"
"TAACATGACTTGAG-1","3"
"TAAGAACTGCTCCT-1","3"
"TAAGAGGAACTGGT-1","5"
"TACAATGATTAGGC-1","8"
"TACCGCTGTCTTAC-1","5"
"TACTCTGACGTAGT-1","2"
"TAGAAACTTAGAAG-1","7"
"TAGGTTCTGTACCA-1","5"
"TAGTTCACAAGGCG-1","2"
"TATGGTCTGGCAAG-1","1"
"TCACCCGACGTTAG-1","10"
"TCAGCGCTCGTCTC-1","7"
"TCGTAGGACCCTTG-1","1"
"TCTAAGCTGGGTGA-1","4"
"TCTCAAACGCCATA-1","6"
"TCTCCACTGGGAGT-1","10"
"TCTGATACTGCACA-1","2"
"TGAGCTGAGTAGGG-1","10"
"TGTTAAGAAGCGGA-1","9"
"TTATGAGAGCTTCC-1","5"
"TTCACAACAGCCTA-1","1"
"AAACGGCTAGCAAA-2","5"
"AACACTCTTCCCGT-2","9"
"AAGGTGCTGTTGGT-2","7"
"AAGTAACTACGCAT-2","6"
"AATCCTTGCCTTCG-2","5"
"AATCTCACTGATGC-2","6"
"AATGGAGATGCTCC-2","10"
"ACACGATGTCCGTC-2","1"
"ACCAGCCTCTCTAT-2","2"
"ACGACAACAGCTCA-2","5"
"ACGGAACTGTAGCT-2","6"
"ACTCGAGAAGCATC-2","4"
"AGAAGATGCTTCTA-2","5"
"AGACACACATTCGG-2","4"
"AGCAAGCTCATCAG-2","2"
"AGCGGCACCGTACA-2","1"
"AGCTTTACGCATAC-2","6"
"AGGACTTGTTTCTG-2","1"
"AGTACGTGAACCTG-2","5"
"ATAACATGACACGT-2","5"
"ATAGAACTTTACCT-2","2"
"ATGAAGGATGCAGT-2","5"
"ATTGAATGCTCGCT-2","5"
"ATTGCACTTCAGTG-2","8"
"ATTGTAGATCACGA-2","9"
"ATTTCGTGGACTAC-2","10"
"CAAGACTGATGCCA-2","8"
"CAAGCCCTCGAATC-2","4"
"CACAGTGACTACTT-2","5"
"CAGATGACGAGGTG-2","1"
"CATGGATGTACTCT-2","5"
"CATTGACTATGTGC-2","7"
"CATTGGGACTTGGA-2","7"
"CCAATGGAACTGTG-2","5"
"CCAGTCACCGGAGA-2","10"
"CGAGGCACCCACCT-2","2"
"CGGATAACGGTGGA-2","7"
"CGTCCAACGAGGGT-2","7"
"CTAGGATGACGACT-2","5"
"CTCCATCTAGCCAT-2","2"
"CTGAATCTAGGTTC-2","8"
"CTGATACTTCGACA-2","7"
"CTTAAAGATCTCAT-2","10"
"GACTTTACAGGTTC-2","3"
"GATTGGTGCCGTAA-2","3"
"GCATGATGTTCTAC-2","3"
"GCGTACCTGAAGGC-2","10"
"GGAACTTGTTGTCT-2","1"
"GGGATGGAATGCCA-2","10"
"GGGCACACGGAGTG-2","5"
"GGGCAGCTTTCCGC-2","5"
"GGGCCATGGCTACA-2","1"
"GTCACCTGCTATGG-2","1"
"GTGATTCTGTTACG-2","1"
"GTTACGGACCGAAT-2","3"
"GTTACTACTTCCGC-2","9"
"GTTAGTCTGGTGGA-2","9"
"GTTGTACTCCCTAC-2","5"
"TAAGATTGAGATGA-2","7"
"TACGGAACAACAGA-2","6"
"TACTAAGAAGCGGA-2","7"
"TAGATCCTGGGCAA-2","6"
"TAGGAGCTCGAGTT-2","1"
"TATAGATGAGCTCA-2","5"
"TATCTTCTGCTAAC-2","5"
"TCATTGACACTTTC-2","1"
"TCCCGAACTCAGTG-2","2"
"TGAGGTACGAGATA-2","6"
"TGGAAAGATGGCAT-2","7"
"TTATGCACGCTTAG-2","1"
"TTATGCACTGCAGT-2","7"
"TTATGGCTGGCAAG-2","7"
"TTCTAGTGTGCTAG-2","5"
"TTGATCTGCTTAGG-2","6"
"AACACTCTCCTGAA-3","6"
"AACCACGACGTTGA-3","2"
"AACCAGTGGGTATC-3","6"
"AACGCCCTGTTGGT-3","7"
"AACGTTCTATAAGG-3","3"
"AAGCCAACTACGCA-3","7"
"AAGTTCCTCCCACT-3","5"
"AATCTAGAGTTGCA-3","5"
"AATCTCACTCAGTG-3","7"
"ACAGTGTGTACTGG-3","8"
"ACCCAGCTACCTAG-3","5"
"ACGAACTGGGGATG-3","3"
"ACGACCCTGTCTGA-3","1"
"ACGCTCACGTCTGA-3","10"
"ACTCGAGACGGTAT-3","5"
"AGAGTGCTCAGTTG-3","5"
"AGCCGGACGGTGGA-3","9"
"AGCGATACTCGACA-3","5"
"AGCGGGCTCCTGAA-3","1"
"AGGCAACTTGGTAC-3","2"
"AGGCTAACATAAGG-3","9"
"AGTAATTGGCTTAG-3","4"
"ATGCAGACAAGGCG-3","7"
"ATTGAATGGAGGTG-3","8"
"ATTTCCGACATGAC-3","8"
"CACAGCCTACGCTA-3","5"
"CACCGGGAGATAAG-3","3"
"CAGAGGGAAACGTC-3","1"
"CATACTACTGTCGA-3","5"
"CCTACCGACCTGTC-3","5"
"CCTAGAGATGTCCC-3","7"
"CCTCGAACGTAAGA-3","2"
"CGACCGGACACTCC-3","1"
"CGAGAACTAGCACT-3","8"
"CGAGGCACCCAACA-3","1"
"CGAGGGCTATCGTG-3","1"
"CGATACGATATCGG-3","4"
"CGATCCACACCATG-3","9"
"CGGACCGAATGCCA-3","2"
"CGTAACGAGATACC-3","6"
"CTACGCACAGGGTG-3","7"
"CTAGATCTATCGGT-3","10"
"CTAGGTGACCGCTT-3","7"
"CTATAGCTGTTCGA-3","10"
"CTATTGACACACCA-3","6"
"CTTTGATGGTCGTA-3","5"
"GAAAGATGCCACAA-3","7"
"GACAACACGGTTTG-3","7"
"GACCATGACTAAGC-3","2"
"GACGTCCTGGAGCA-3","7"
"GAGCATACTGTCAG-3","1"
"GATAATACTCCAGA-3","3"
"GATCTACTTTATCC-3","1"
"GATCTTTGCGTTGA-3","2"
"GATTTAGAGCCCTT-3","3"
"GCACCTACATTCGG-3","3"
"GCATCAGAAGGTCT-3","6"
"GCATCAGATCTACT-3","5"
"GCCAACCTGTAGGG-3","5"
"GGACGCACGTTTGG-3","5"
"GGAGACGATCAGTG-3","5"
"GGCCGATGCGCTAA-3","9"
"GGGAAGTGCAGGAG-3","10"
"GGGCAAGAAGGCGA-3","10"
"GTAGCCCTGGATTC-3","1"
"GTCATACTCTGCTC-3","9"
"GTCCAAGAACCTGA-3","5"
"GTGGATTGCTGTAG-3","3"
"GTTATGCTACCTCC-3","1"
"GTTATGCTATCACG-3","10"
"GTTATGCTGTTCAG-3","10"
"GTTCAACTCTGGAT-3","1"
"GTTCATACCTACCC-3","5"
"GTTGGATGTTTGTC-3","8"
"TAAAGTTGGAAACA-3","2"
"TAAGTAACAACTGC-3","9"
"TAATCCACGGGTGA-3","10"
"TACGAGTGTATTCC-3","3"
"TACGCGCTTCCTAT-3","1"
"TACGTTACCTCAAG-3","4"
"TAGGTTCTGACACT-3","3"
"TCAACACTTTCTTG-3","2"
"TCAATAGATCTCGC-3","4"
"TCATCCCTCGAACT-3","4"
"TCCGGACTATTCTC-3","6"
"TCCGGACTCTACCC-3","7"
"TCGCAGCTGTATGC-3","2"
"TCGGACCTTCAAGC-3","4"
"TGAACCGAGCAGTT-3","2"
"TGACCAGACCATAG-3","9"
"TGACGAACTCCAGA-3","7"
"TGATCGGAGGTCAT-3","5"
"TGCAACGAATTGGC-3","6"
"TGCACAGAGGATTC-3","9"
"TGCGTAGACTGTGA-3","10"
"TGGATGACATGTGC-3","7"
"TGTAATGAACTTTC-3","7"
"TGTAATGACTTGTT-3","1"
"TTAGTCTGCTACTT-3","5"
"TTCAGTACTGCAGT-3","5"
"AACACTCTTGAAGA-4","6"
"AAGATGGAGTGTTG-4","6"
"AAGTCCGACCACCT-4","2"
"AATCTCACGTTGGT-4","4"
"AATCTCACTAAGCC-4","6"
"AATGAGGATGGTTG-4","3"
"AATTCCTGCCTCCA-4","2"
"ACCCGTACCTCGAA-4","3"
"ACGGATTGGCTGAT-4","1"
"ACGTCGCTCGTTGA-4","10"
"ACGTGCCTTGACTG-4","5"
"ACGTTTACTGCTAG-4","10"
"ACTAAAACGGAAAT-4","2"
"AGACCTGAGACGTT-4","5"
"AGCCTCACCCTTGC-4","8"
"AGTTCTACTTCCGC-4","5"
"AGTTGTCTGGTTAC-4","5"
"ATACCGGATCCGAA-4","4"
"ATAGTCCTTATCGG-4","1"
"ATGAGAGAATCTCT-4","4"
"ATGCGCCTTCCGTC-4","4"
"CAAGGTTGGAGGCA-4","5"
"CACCGTACCTGATG-4","1"
"CATAAATGTGACCA-4","5"
"CATATAGATGGTTG-4","3"
"CATCCCGACGGGAA-4","9"
"CATCGGCTGCATCA-4","5"
"CCGAAAACACTAGC-4","8"
"CCTAGAGATACAGC-4","4"
"CGACCTACTTCAGG-4","7"
"CGCTAAGAACGACT-4","5"
"CGGCACGAAGCTCA-4","10"
"CTACAACTCTCTTA-4","6"
"CTAGTTTGGCTTAG-4","8"
"CTGACCACCATGGT-4","8"
"CTGAGAACTGGATC-4","7"
"CTGCAGCTGTACGT-4","1"
"CTTACAACGTGAGG-4","7"
"CTTCACCTGTCTAG-4","9"
"GAAGTCACTGTCGA-4","5"
"GACGTCCTATCGTG-4","5"
"GAGATAGAGCTGAT-4","8"
"GATCGAACCACCAA-4","4"
"GATGACACCAGATC-4","8"
"GCAGTTGACCTATT-4","5"
"GCCCAGGATACGCA-4","6"
"GCCTGACTAGCATC-4","4"
"GCGAAGGAAAGGGC-4","5"
"GGAAGGACGCGAAG-4","1"
"GGAATGCTTCAGTG-4","5"
"GGACTATGCTCTAT-4","10"
"GGAGTTTGTCAGAC-4","1"
"GGGATTACGTTGGT-4","6"
"GTACGTGAGGTAAA-4","1"
"GTAGCTGATTCCAT-4","1"
"GTGACCCTAGCTCA-4","1"
"GTGATGACTGGGAG-4","7"
"GTTCAGGAACCAGT-4","1"
"GTTCAGGACTCTCG-4","7"
"TAAGCTCTTCTGGA-4","1"
"TAAGTAACAAACGA-4","5"
"TAATCCACTCCTCG-4","10"
"TAATCGCTCATTCT-4","1"
"TACATCACGTCGTA-4","5"
"TACGCGCTCGCTAA-4","7"
"TACTCTGACGTTGA-4","8"
"TAGAAACTTTATCC-4","5"
"TAGAGCACCCTCAC-4","1"
"TAGCATCTCCGAAT-4","5"
"TATCACTGGCTACA-4","7"
"TCCATAACTCTTAC-4","9"
"TCTAACACAACCGT-4","1"
"TCTAACTGGCTATG-4","2"
"TGAGCAACTCGTTT-4","3"
"TGCAAGTGCTGTCC-4","10"
"TGGATCGAACCATG-4","1"
"TTATGCACAATCGC-4","4"
"TTCCTAGACAGAGG-4","5"
"TTCGTATGCTATGG-4","1"
"TTCTACGACAGAGG-4","7"
"TTTCAGTGTCACGA-4","1"
"AAATTCGAAGTCTG-5","6"
"AACACTCTCCGTAA-5","1"
"AACCGCCTTATCTC-5","3"
"AACCTACTCGGGAA-5","6"
"AACGCCCTTGTAGC-5","6"
"AACGGTACCCAAGT-5","3"
"AACGTCGAACGTGT-5","5"
"AACTCACTGGGTGA-5","5"
"AAGTCTCTCCTCGT-5","1"
"AATACCCTATTCGG-5","1"
"AATACTGACGTGAT-5","7"
"AATATCGAAAGGCG-5","4"
"AATCCTACCTGACA-5","5"
"ACCTTTGAGGATTC-5","4"
"ACGCACCTCCTCAC-5","5"
"ACTCCTCTCGTGTA-5","5"
"ACTTAAGACTACCC-5","10"
"AGACACTGTGGTGT-5","8"
"AGATCGTGCCCGTT-5","6"
"AGCTGTGAAGCAAA-5","5"
"AGTAGGCTGATAGA-5","1"
"AGTCCAGAGCCATA-5","1"
"ATACGTCTGAGACG-5","5"
"ATAGCCGACATTCT-5","3"
"ATAGTTGATGAGGG-5","6"
"ATCTTGACTGTGGT-5","3"
"ATGACGTGCTAGTG-5","5"
"ATGGTGACCTTGCC-5","1"
"ATTACCTGGACACT-5","5"
"ATTCGGGATAACGC-5","5"
"ATTGATGACAGAGG-5","1"
"CAAGGACTAAGGTA-5","1"
"CACAGTGACTTCGC-5","5"
"CACTTTGAAGGTTC-5","5"
"CACTTTGACTCAAG-5","10"
"CCAACCTGGGGACA-5","8"
"CCACGGGAAAGGGC-5","3"
"CCATATACCTCTTA-5","10"
"CCCAACACAGAATG-5","3"
"CCCAGTTGGTGTTG-5","5"
"CCCATGTGACTTTC-5","5"
"CCCTCAGACACCAA-5","4"
"CGCTACTGTCTTTG-5","5"
"CTAAACCTCACTCC-5","6"
"CTAATGCTTCTAGG-5","5"
"CTACTATGGGCGAA-5","4"
"CTATCAACCCTCCA-5","6"
"CTGCAGCTTTCGGA-5","5"
"CTTACATGTTCACT-5","5"
"CTTTAGTGCTCTTA-5","4"
"GAACAGCTTTCCGC-5","1"
"GACGTAACCCTTAT-5","1"
"GAGAGGTGGATACC-5","10"
"GAGGGTGAGGGTGA-5","1"
"GATAAGGATGTCAG-5","5"
"GATAGCACTGACAC-5","10"
"GATCATCTTTATCC-5","3"
"GATGCATGATCTCT-5","10"
"GCAAACTGCATCAG-5","10"
"GCAGTCCTGCAGTT-5","3"
"GCTCCATGGGGCAA-5","6"
"GGACATTGCGTACA-5","2"
"GGATAGCTTTCTTG-5","2"
"GGCTAAACTCTTTG-5","8"
"GTGTAGTGGAATAG-5","5"
"TAAGATTGTCCTCG-5","1"
"TAAGCTCTCTAGAC-5","5"
"TAGACGTGTCCTAT-5","6"
"TAGAGAGATCGTGA-5","5"
"TATCAGCTATGTCG-5","1"
"TATGCGGACTTGAG-5","1"
"TATGTCTGTTCCCG-5","3"
"TCAATCACGGACTT-5","4"
"TCACCTCTTCTAGG-5","6"
"TCCTAAACACACCA-5","1"
"TCGCACACATGACC-5","7"
"TCGGCACTGTTGAC-5","5"
"TCTAACTGTACAGC-5","6"
"TGACTTACGCGATT-5","5"
"TGGACCCTCAGCTA-5","4"
"TGTATGCTACGCTA-5","5"
"TGTGACGAGGTTCA-5","5"
"TGTGAGTGTGTCTT-5","9"
"TGTGGATGCTCTAT-5","3"
"TTACAGCTTGGAGG-5","1"
"TTCACCCTGCTTCC-5","10"
"AAATCATGTTGGTG-6","5"
"AACAGCACGCTGTA-6","5"
"AACCGATGCGTACA-6","6"
"AAGAACGAACTCTT-6","1"
"AAGCGACTCCCTTG-6","3"
"AATAAGCTTGGTGT-6","7"
"ACAAAGGAGCAAGG-6","8"
"ACAAGAGACCTTGC-6","6"
"ACGCCGGAAGCCTA-6","10"
"AGACCTGATACTTC-6","2"
"AGATATACAGTTCG-6","1"
"AGCGGCACCTGTGA-6","10"
"AGGCAACTGAGCAG-6","1"
"ATCGCGCTCACACA-6","3"
"ATGTCGGAGTCGAT-6","5"
"ATGTTCACGTACGT-6","2"
"ATTCGGGAAGCATC-6","1"
"ATTCTTCTGTCATG-6","2"
"ATTGAAACAGATCC-6","1"
"ATTGAAACCTCGAA-6","5"
"ATTTCTCTTGCACA-6","5"
"CAAATATGTGCATG-6","1"
"CACACCTGTGGATC-6","10"
"CACAGATGCCGATA-6","2"
"CACCCATGTGCGTA-6","5"
"CACCTGACATCGAC-6","5"
"CATCAGGATGCAGT-6","5"
"CATTAGCTGCCAAT-6","2"
"CCTCTACTGTTCTT-6","4"
"CGAGAACTTACTTC-6","1"
"CGCAGGACACTACG-6","7"
"CGCAGGTGACGTAC-6","7"
"CGCTACTGGACAGG-6","5"
"CGGACTCTGATACC-6","5"
"CGGCATCTGGAGTG-6","10"
"CGGTACCTTGCTGA-6","7"
"CGTACCACAAGAAC-6","10"
"CGTGAATGACGACT-6","1"
"CTACCTCTCCCTCA-6","9"
"CTCGAAGATGTCCC-6","5"
"CTCGACTGAGTCAC-6","1"
"CTTCATGACTGCAA-6","5"
"CTTTAGTGGTTACG-6","9"
"GAAACCTGTCGTGA-6","5"
"GACCATGATACGCA-6","7"
"GACGGCACAGAACA-6","7"
"GATGCATGCTGCTC-6","2"
"GCACGGTGTCCTTA-6","1"
"GCAGCTCTGGGAGT-6","1"
"GCATTGGAATGCCA-6","1"
"GCCTACACTGGAGG-6","7"
"GCGCACGAAGCACT-6","5"
"GCGCATCTACCGAT-6","5"
"GCTCCATGGCAGAG-6","4"
"GCTCGACTTCAGTG-6","5"
"GGAAGGACTAAGCC-6","9"
"GGCTAATGTAGAAG-6","7"
"GGCTACCTACGGGA-6","1"
"GTAAGCACAAGAAC-6","6"
"GTGTCAGATCTACT-6","1"
"TAACTAGATGTCTT-6","2"
"TAACTCACGATAGA-6","1"
"TAAGCTCTACCCTC-6","5"
"TATACAGAGGTATC-6","5"
"TATCTGACCGATAC-6","5"
"TATGGGACTCCTAT-6","3"
"TCACAACTGTGTCA-6","9"
"TCAGTTACCCGATA-6","3"
"TCCTATGACATGCA-6","5"
"TCGAATCTTTCTCA-6","7"
"TCTAACACTCCTAT-6","1"
"TGACTTACCTCTTA-6","1"
"TGATAAACCAACTG-6","2"
"TGATTCTGACACCA-6","1"
"TGGTTACTTGCATG-6","4"
"TGTAGGTGGGTCAT-6","6"
"TGTCAGGATGGTGT-6","7"
"TGTGAGACTTTACC-6","5"
"TTATGAGATGTGAC-6","3"
"TTCCTAGAGACAGG-6","10"
"TTCGTATGCTCGCT-6","8"
"TTGAATGAATACCG-6","6"
"TTGTAGCTCAAAGA-6","10"
"AAACGCACCTATGG-7","8"
"AACCACGAGGTTAC-7","6"
"AACGGTACACCTCC-7","9"
"AACTCTTGCATGGT-7","1"
"AATAACACGAGCTT-7","2"
"ACATCACTGACAAA-7","5"
"ACGCAATGCATGCA-7","8"
"ACGGAACTAGTCGT-7","1"
"ACGTTTACAGAATG-7","5"
"ACTCAGGACGTGAT-7","6"
"ACTGCCACTCTCCG-7","2"
"AGAAAGTGGTGCTA-7","6"
"AGAGAATGTCACCC-7","10"
"AGCCTCACACGCAT-7","5"
"AGCCTCACCCTCGT-7","5"
"AGCCTCTGTGTCAG-7","5"
"AGCTCGCTCCAATG-7","5"
"AGCTGCCTCTACCC-7","10"
"AGGTTCGAATGCCA-7","3"
"AGTGACTGTGTGGT-7","3"
"ATACCTACTGAACC-7","3"
"ATCTACACTCTCTA-7","1"
"ATGAGAGATTCCAT-7","9"
"ATGTTAGAAGCGGA-7","8"
"ATGTTGCTGGGCAA-7","1"
"ATTACCACAGGTCT-7","6"
"ATTCGGGAGTTCAG-7","10"
"ATTGATGAAGGAGC-7","7"
"CAACGATGCACTGA-7","5"
"CAAGACTGATTCTC-7","9"
"CACGACCTGGGAGT-7","7"
"CAGAAGCTTAGTCG-7","1"
"CAGACAACAAAACG-7","7"
"CAGTCAGAAAGGCG-7","1"
"CAGTTTACCACAAC-7","1"
"CATAAATGCGCCTT-7","1"
"CATGCGCTAATCGC-7","1"
"CATGTTTGCTATTC-7","1"
"CCAAGAACCTCTCG-7","7"
"CCCTTACTGTTAGC-7","2"
"CCGCGAGAGCTCCT-7","2"
"CCGCTATGGCGGAA-7","1"
"CCGGAGTGTTCTGT-7","6"
"CGAAGACTACCTTT-7","7"
"CGAGGAGATGTCCC-7","6"
"CGAGGCTGGTAAAG-7","5"
"CGATCCACGAGATA-7","5"
"CGGCGATGCGGTAT-7","2"
"CGTCAAGAGTACAC-7","10"
"CTGAACGATCAGAC-7","1"
"CTGAAGACATCTCT-7","6"
"CTTAAAGATTGAGC-7","4"
"GAACGGGACCACAA-7","8"
"GAACTGTGAACTGC-7","3"
"GAAGTCTGGTTTCT-7","5"
"GACAACTGCGGGAA-7","8"
"GACCAAACGTTGCA-7","6"
"GACGAGGATGACAC-7","1"
"GATTCTACGCTAAC-7","9"
"GCACGGACTTGCAG-7","2"
"GCCTCAACGATAAG-7","5"
"GCGTAAACCACAAC-7","5"
"GGAGGATGATTCTC-7","2"
"GGGACCACAGCAAA-7","8"
"GGGCACACTCCAAG-7","7"
"GTAATATGAGGTTC-7","7"
"GTCTGAGAGTGTTG-7","5"
"GTGAACACAGGTTC-7","5"
"GTGGAGGATCTTCA-7","7"
"GTTAAATGTCAGGT-7","7"
"TAAGGGCTTATTCC-7","9"
"TAATGAACATGACC-7","8"
"TAGTTAGAGCTATG-7","5"
"TATGTGCTGTAGGG-7","2"
"TCAATCACCATGCA-7","10"
"TCAGAGACCAATCG-7","8"
"TGACCGCTGAACCT-7","6"
"TGACGCCTACTTTC-7","10"
"TGACTGGAACCATG-7","1"
"TGATTCACGGGATG-7","4"
"TGCAACGACTTGGA-7","3"
"TGCAAGACTTTCTG-7","7"
"TGCCAAGATTGTGG-7","10"
"TGGATGACCTGCAA-7","7"
"TGGTATCTTATCTC-7","3"
"TGTTACTGCCGTAA-7","5"
"TTAGCTACCCTTCG-7","2"
"TTCCATGACGAATC-7","8"
"TTCCTAGATCGATG-7","2"
"TTTCTACTGGTCTA-7","2"
"TTTCTACTGTATGC-7","7"
"AACATATGCTTCCG-8","5"
"AACCCAGACTTCTA-8","3"
"AACTGTCTCTCCAC-8","6"
"AAGCAAGATGTCCC-8","6"
"AAGTGCACCATGGT-8","2"
"ACCGCGGACTACCC-8","10"
"ACGTAGACATCGAC-8","2"
"ACGTTGGAAACGAA-8","5"
"ACTAAAACCATTCT-8","7"
"ACTGGCCTCGAATC-8","2"
"ACTTCTGAATTCTC-8","8"
"AGCAAAGACCAAGT-8","6"
"AGGGTGGACAGCTA-8","4"
"AGTACGTGTACGCA-8","4"
"AGTGACACCAGTTG-8","2"
"ATAAACACAATGCC-8","2"
"ATCACGGATAACGC-8","7"
"ATCCCGTGGGTATC-8","5"
"ATGGGTACGGTGAG-8","2"
"ATTCGGGAACTACG-8","6"
"CAATAATGCCACAA-8","5"
"CAATCGGAGTTGAC-8","7"
"CACACCTGAGTACC-8","8"
"CACATGGATCCCAC-8","8"
"CACTGAGACGAACT-8","4"
"CAGATGACTTCGTT-8","5"
"CATGTACTCCTTGC-8","3"
"CATTGACTGAGGAC-8","9"
"CATTGGGAAAAGCA-8","1"
"CCCATCGAAGCCTA-8","5"
"CCCATCGACTTGTT-8","3"
"CCGGAGACTGCTTT-8","5"
"CGAGGAGAGTCATG-8","5"
"CGCAAATGTGCTAG-8","2"
"CGGACTCTTGGATC-8","5"
"CGGCCAGAGGCAAG-8","4"
"CGGCGAACAATCGC-8","6"
"CGTTATACAGTACC-8","7"
"CTACAACTTGTTTC-8","8"
"CTCAGCTGGGCGAA-8","3"
"CTTAAGCTCGACTA-8","6"
"CTTGAACTTGTGCA-8","1"
"CTTTGATGTGTCAG-8","4"
"GAACAGCTTGCCAA-8","8"
"GAACCAACTTCGGA-8","2"
"GAATGCACGGTTAC-8","5"
"GAGGGTGAGACACT-8","7"
"GATCTACTAGCCAT-8","6"
"GCAATTCTAACGAA-8","7"
"GCACGTCTGCAAGG-8","3"
"GCAGGGCTGTATGC-8","10"
"GCCGACGATGCTTT-8","5"
"GCGAAGGAAAGAAC-8","3"
"GCTGATGATTTACC-8","1"
"GGAAGGTGACGCAT-8","10"
"GGACGCTGCACACA-8","5"
"GGCTAAACCTGGAT-8","1"
"GGGATGGATTCCAT-8","10"
"GGTATCGATAAGGA-8","2"
"GGTATGACGAATCC-8","9"
"GTAGCCCTACGACT-8","7"
"GTAGCTGAGGAACG-8","9"
"GTAGTGTGTCAAGC-8","8"
"GTCACCTGTGGGAG-8","3"
"GTCCAGCTGAACCT-8","5"
"GTGGTAACACCCAA-8","6"
"GTTATAGACTCCAC-8","1"
"TAACTAGATATGGC-8","1"
"TAACTCACTGGAGG-8","7"
"TAAGAACTTCCCAC-8","6"
"TACATCACGCGATT-8","2"
"TACGAGACCCGATA-8","9"
"TACGCAGATGGTTG-8","4"
"TACTCCCTGTACGT-8","7"
"TACTTTCTAGAGAT-8","1"
"TAGCCCACTTTCTG-8","5"
"TAGCCCTGGAGGAC-8","10"
"TAGTTAGAAACAGA-8","6"
"TATAGCCTTTCAGG-8","10"
"TCAATCACCCTTCG-8","6"
"TCTGATACGGTCTA-8","5"
"TGACGCCTCTCAGA-8","1"
"TGACTTACGGTCTA-8","6"
"TGCACAGATGCATG-8","5"
"TGGAGACTAGTAGA-8","2"
"TGGCACCTCCAACA-8","5"
"TGTGAGTGCTTTAC-8","1"
"TGTTACTGGCGATT-8","7"
"TTCAGTACCGGGAA-8","6"
"TTGAGGTGGAGAGC-8","5"
